contact_id,principal_investigator,contact,institute
1,Perry Cregan,,USDA
2,Perry Cregan,,USDA
3,Perry Cregan,,USDA
4,Perry Cregan,,USDA
5,Perry Cregan,,USDA
6,Perry Cregan,,USDA
7,Perry Cregan,,USDA
8,Perry Cregan,,USDA
9,Perry Cregan,,USDA
10,Perry Cregan,,USDA
11,Perry Cregan,,USDA
12,Perry Cregan,,USDA
13,Perry Cregan,,USDA
14,Perry Cregan,,USDA
15,Perry Cregan,,USDA
16,Perry Cregan,,USDA
17,Perry Cregan,,USDA
18,Perry Cregan,,USDA
19,Perry Cregan,,USDA
20,Perry Cregan,,USDA
21,Perry Cregan,,USDA
22,Perry Cregan,,USDA
23,Perry Cregan,,USDA
24,Perry Cregan,,USDA
25,Perry Cregan,,USDA
26,Perry Cregan,,USDA
27,Perry Cregan,,USDA
28,Perry Cregan,,USDA
29,Perry Cregan,,USDA
30,Perry Cregan,,USDA
31,Perry Cregan,,USDA
32,Perry Cregan,,USDA
33,Perry Cregan,,USDA
34,Perry Cregan,,USDA
35,Perry Cregan,,USDA
36,Perry Cregan,,USDA
37,Perry Cregan,,USDA
38,Perry Cregan,,USDA
39,Perry Cregan,,USDA
40,Perry Cregan,,USDA
41,Perry Cregan,,USDA
42,Perry Cregan,,USDA
43,Perry Cregan,,USDA
44,Perry Cregan,,USDA
45,Perry Cregan,,USDA
46,Perry Cregan,,USDA
47,Perry Cregan,,USDA
48,Perry Cregan,,USDA
49,Perry Cregan,,USDA
50,Perry Cregan,,USDA
51,Perry Cregan,,USDA
52,Perry Cregan,,USDA
53,Perry Cregan,,USDA
54,Perry Cregan,,USDA
55,Perry Cregan,,USDA
56,Perry Cregan,,USDA
57,Perry Cregan,,USDA
58,Perry Cregan,,USDA
59,Perry Cregan,,USDA
60,Perry Cregan,,USDA
61,Perry Cregan,,USDA
62,Perry Cregan,,USDA
63,Perry Cregan,,USDA
64,Perry Cregan,,USDA
65,Perry Cregan,,USDA
66,Perry Cregan,,USDA
67,Perry Cregan,,USDA
68,Perry Cregan,,USDA
69,Perry Cregan,,USDA
70,Perry Cregan,,USDA
71,Perry Cregan,,USDA
72,Perry Cregan,,USDA
73,Perry Cregan,,USDA
74,Perry Cregan,,USDA
75,Perry Cregan,,USDA
76,Perry Cregan,,USDA
77,Perry Cregan,,USDA
78,Perry Cregan,,USDA
79,Perry Cregan,,USDA
80,Perry Cregan,,USDA
81,Perry Cregan,,USDA
82,Perry Cregan,,USDA
83,Perry Cregan,,USDA
84,Perry Cregan,,USDA
85,Perry Cregan,,USDA
86,Perry Cregan,,USDA
87,Perry Cregan,,USDA
88,Perry Cregan,,USDA
89,Perry Cregan,,USDA
90,Perry Cregan,,USDA
91,Perry Cregan,,USDA
92,Perry Cregan,,USDA
93,Perry Cregan,,USDA
94,Perry Cregan,,USDA
95,Perry Cregan,,USDA
96,Perry Cregan,,USDA
97,Perry Cregan,,USDA
98,Perry Cregan,,USDA
99,Perry Cregan,,USDA
100,Perry Cregan,,USDA
101,Perry Cregan,,USDA
102,Perry Cregan,,USDA
103,Perry Cregan,,USDA
104,Perry Cregan,,USDA
105,Perry Cregan,,USDA
106,Perry Cregan,,USDA
107,Perry Cregan,,USDA
108,Perry Cregan,,USDA
109,Perry Cregan,,USDA
110,Perry Cregan,,USDA
111,Perry Cregan,,USDA
112,Perry Cregan,,USDA
113,Perry Cregan,,USDA
114,Perry Cregan,,USDA
115,Perry Cregan,,USDA
116,Perry Cregan,,USDA
117,Perry Cregan,,USDA
118,Perry Cregan,,USDA
119,Perry Cregan,,USDA
120,Perry Cregan,,USDA
121,Perry Cregan,,USDA
122,Perry Cregan,,USDA
123,Perry Cregan,,USDA
124,Perry Cregan,,USDA
125,Perry Cregan,,USDA
126,Perry Cregan,,USDA
127,Perry Cregan,,USDA
128,Perry Cregan,,USDA
129,Perry Cregan,,USDA
130,Perry Cregan,,USDA
131,Perry Cregan,,USDA
132,Perry Cregan,,USDA
133,Perry Cregan,,USDA
134,Perry Cregan,,USDA
135,Perry Cregan,,USDA
136,Perry Cregan,,USDA
137,Perry Cregan,,USDA
138,Perry Cregan,,USDA
139,Perry Cregan,,USDA
140,Perry Cregan,,USDA
141,Perry Cregan,,USDA
142,Perry Cregan,,USDA
143,Perry Cregan,,USDA
144,Perry Cregan,,USDA
145,Perry Cregan,,USDA
146,Perry Cregan,,USDA
147,Perry Cregan,,USDA
148,Perry Cregan,,USDA
149,Perry Cregan,,USDA
150,Perry Cregan,,USDA
151,Perry Cregan,,USDA
152,Perry Cregan,,USDA
153,Perry Cregan,,USDA
154,Perry Cregan,,USDA
155,Perry Cregan,,USDA
156,Perry Cregan,,USDA
157,Perry Cregan,,USDA
158,Perry Cregan,,USDA
159,Perry Cregan,,USDA
160,Perry Cregan,,USDA
161,Perry Cregan,,USDA
162,Perry Cregan,,USDA
163,Perry Cregan,,USDA
164,Perry Cregan,,USDA
165,Perry Cregan,,USDA
166,Perry Cregan,,USDA
167,Perry Cregan,,USDA
168,Perry Cregan,,USDA
169,Perry Cregan,,USDA
170,Perry Cregan,,USDA
171,Perry Cregan,,USDA
172,Perry Cregan,,USDA
173,Perry Cregan,,USDA
174,Perry Cregan,,USDA
175,Perry Cregan,,USDA
176,Perry Cregan,,USDA
177,Perry Cregan,,USDA
178,Perry Cregan,,USDA
179,Perry Cregan,,USDA
180,Perry Cregan,,USDA
181,Perry Cregan,,USDA
182,Perry Cregan,,USDA
183,Perry Cregan,,USDA
184,Perry Cregan,,USDA
185,Perry Cregan,,USDA
186,Perry Cregan,,USDA
187,Perry Cregan,,USDA
188,Perry Cregan,,USDA
189,Perry Cregan,,USDA
190,Perry Cregan,,USDA
191,Perry Cregan,,USDA
192,Perry Cregan,,USDA
193,Perry Cregan,,USDA
194,Perry Cregan,,USDA
195,Perry Cregan,,USDA
196,Perry Cregan,,USDA
197,Perry Cregan,,USDA
198,Perry Cregan,,USDA
199,Perry Cregan,,USDA
200,Perry Cregan,,USDA
201,Perry Cregan,,USDA
202,Perry Cregan,,USDA
203,Perry Cregan,,USDA
204,Perry Cregan,,USDA
205,Perry Cregan,,USDA
206,Perry Cregan,,USDA
207,Perry Cregan,,USDA
208,Perry Cregan,,USDA
209,Perry Cregan,,USDA
210,Perry Cregan,,USDA
211,Perry Cregan,,USDA
212,Perry Cregan,,USDA
213,Perry Cregan,,USDA
214,Perry Cregan,,USDA
215,Perry Cregan,,USDA
216,Perry Cregan,,USDA
217,Perry Cregan,,USDA
218,Perry Cregan,,USDA
219,Perry Cregan,,USDA
220,Perry Cregan,,USDA
221,Perry Cregan,,USDA
222,Perry Cregan,,USDA
223,Perry Cregan,,USDA
224,Perry Cregan,,USDA
225,Perry Cregan,,USDA
226,Perry Cregan,,USDA
227,Perry Cregan,,USDA
228,Perry Cregan,,USDA
229,Perry Cregan,,USDA
230,Perry Cregan,,USDA
231,Perry Cregan,,USDA
232,Perry Cregan,,USDA
233,Perry Cregan,,USDA
234,Perry Cregan,,USDA
235,Perry Cregan,,USDA
236,Perry Cregan,,USDA
237,Perry Cregan,,USDA
238,Perry Cregan,,USDA
239,Perry Cregan,,USDA
240,Perry Cregan,,USDA
241,Perry Cregan,,USDA
242,Perry Cregan,,USDA
243,Perry Cregan,,USDA
244,Perry Cregan,,USDA
245,Perry Cregan,,USDA
246,Perry Cregan,,USDA
247,Perry Cregan,,USDA
248,Perry Cregan,,USDA
249,Perry Cregan,,USDA
250,Perry Cregan,,USDA
251,Perry Cregan,,USDA
252,Perry Cregan,,USDA
253,Perry Cregan,,USDA
254,Perry Cregan,,USDA
255,Perry Cregan,,USDA
256,Perry Cregan,,USDA
257,Perry Cregan,,USDA
258,Perry Cregan,,USDA
259,Perry Cregan,,USDA
260,Perry Cregan,,USDA
261,Perry Cregan,,USDA
262,Perry Cregan,,USDA
263,Perry Cregan,,USDA
264,Perry Cregan,,USDA
265,Perry Cregan,,USDA
266,Perry Cregan,,USDA
267,Perry Cregan,,USDA
268,Perry Cregan,,USDA
269,Perry Cregan,,USDA
270,Perry Cregan,,USDA
271,Perry Cregan,,USDA
272,Perry Cregan,,USDA
273,Perry Cregan,,USDA
274,Perry Cregan,,USDA
275,Perry Cregan,,USDA
276,Perry Cregan,,USDA
277,Perry Cregan,,USDA
278,Perry Cregan,,USDA
279,Perry Cregan,,USDA
280,Perry Cregan,,USDA
281,Perry Cregan,,USDA
282,Perry Cregan,,USDA
283,Perry Cregan,,USDA
284,Perry Cregan,,USDA
285,Perry Cregan,,USDA
286,Perry Cregan,,USDA
287,Perry Cregan,,USDA
288,Perry Cregan,,USDA
289,Perry Cregan,,USDA
290,Perry Cregan,,USDA
291,Perry Cregan,,USDA
292,Perry Cregan,,USDA
293,Perry Cregan,,USDA
294,Perry Cregan,,USDA
295,Perry Cregan,,USDA
296,Perry Cregan,,USDA
297,Perry Cregan,,USDA
298,Perry Cregan,,USDA
299,Perry Cregan,,USDA
300,Perry Cregan,,USDA
301,Perry Cregan,,USDA
302,Perry Cregan,,USDA
303,Perry Cregan,,USDA
304,Perry Cregan,,USDA
305,Perry Cregan,,USDA
306,Perry Cregan,,USDA
307,Perry Cregan,,USDA
308,Perry Cregan,,USDA
309,Perry Cregan,,USDA
310,Perry Cregan,,USDA
311,Perry Cregan,,USDA
312,Perry Cregan,,USDA
313,Perry Cregan,,USDA
314,Perry Cregan,,USDA
315,Perry Cregan,,USDA
316,Perry Cregan,,USDA
317,Perry Cregan,,USDA
318,Perry Cregan,,USDA
319,Perry Cregan,,USDA
320,Perry Cregan,,USDA
321,Perry Cregan,,USDA
322,Perry Cregan,,USDA
323,Perry Cregan,,USDA
324,Perry Cregan,,USDA
325,Perry Cregan,,USDA
326,Perry Cregan,,USDA
327,Perry Cregan,,USDA
328,Perry Cregan,,USDA
329,Perry Cregan,,USDA
330,Perry Cregan,,USDA
331,Perry Cregan,,USDA
332,Perry Cregan,,USDA
333,Perry Cregan,,USDA
334,Perry Cregan,,USDA
335,Perry Cregan,,USDA
336,Perry Cregan,,USDA
337,Perry Cregan,,USDA
338,Perry Cregan,,USDA
339,Perry Cregan,,USDA
340,Perry Cregan,,USDA
341,Perry Cregan,,USDA
342,Perry Cregan,,USDA
343,Perry Cregan,,USDA
344,Perry Cregan,,USDA
345,Perry Cregan,,USDA
346,Perry Cregan,,USDA
347,Perry Cregan,,USDA
348,Perry Cregan,,USDA
349,Perry Cregan,,USDA
350,Perry Cregan,,USDA
351,Perry Cregan,,USDA
352,Perry Cregan,,USDA
353,Perry Cregan,,USDA
354,Perry Cregan,,USDA
355,Perry Cregan,,USDA
356,Perry Cregan,,USDA
357,Perry Cregan,,USDA
358,Perry Cregan,,USDA
359,Perry Cregan,,USDA
360,Perry Cregan,,USDA
361,Perry Cregan,,USDA
362,Perry Cregan,,USDA
363,Perry Cregan,,USDA
364,Perry Cregan,,USDA
365,Perry Cregan,,USDA
366,Perry Cregan,,USDA
367,Perry Cregan,,USDA
368,Perry Cregan,,USDA
369,Perry Cregan,,USDA
370,Perry Cregan,,USDA
371,Perry Cregan,,USDA
372,Perry Cregan,,USDA
373,Perry Cregan,,USDA
374,Perry Cregan,,USDA
375,Perry Cregan,,USDA
376,Perry Cregan,,USDA
377,Perry Cregan,,USDA
378,Perry Cregan,,USDA
379,Perry Cregan,,USDA
380,Perry Cregan,,USDA
381,Perry Cregan,,USDA
382,Perry Cregan,,USDA
383,Perry Cregan,,USDA
384,Perry Cregan,,USDA
385,Perry Cregan,,USDA
386,Perry Cregan,,USDA
387,Perry Cregan,,USDA
388,Perry Cregan,,USDA
389,Perry Cregan,,USDA
390,Perry Cregan,,USDA
391,Perry Cregan,,USDA
392,Perry Cregan,,USDA
393,Perry Cregan,,USDA
394,Perry Cregan,,USDA
395,Perry Cregan,,USDA
396,Perry Cregan,,USDA
397,Perry Cregan,,USDA
398,Perry Cregan,,USDA
399,Perry Cregan,,USDA
400,Perry Cregan,,USDA
401,Perry Cregan,,USDA
402,Perry Cregan,,USDA
403,Perry Cregan,,USDA
404,Perry Cregan,,USDA
405,Perry Cregan,,USDA
406,Perry Cregan,,USDA
407,Perry Cregan,,USDA
408,Perry Cregan,,USDA
409,Perry Cregan,,USDA
410,Perry Cregan,,USDA
411,Perry Cregan,,USDA
412,Perry Cregan,,USDA
413,Perry Cregan,,USDA
414,Perry Cregan,,USDA
415,Perry Cregan,,USDA
416,Perry Cregan,,USDA
417,Perry Cregan,,USDA
418,Perry Cregan,,USDA
419,Perry Cregan,,USDA
420,Perry Cregan,,USDA
421,Perry Cregan,,USDA
422,Perry Cregan,,USDA
423,Perry Cregan,,USDA
424,Perry Cregan,,USDA
425,Perry Cregan,,USDA
426,Perry Cregan,,USDA
427,Perry Cregan,,USDA
428,Perry Cregan,,USDA
429,Perry Cregan,,USDA
430,Perry Cregan,,USDA
431,Perry Cregan,,USDA
432,Perry Cregan,,USDA
433,Perry Cregan,,USDA
434,Perry Cregan,,USDA
435,Perry Cregan,,USDA
436,Perry Cregan,,USDA
437,Perry Cregan,,USDA
438,Perry Cregan,,USDA
439,Perry Cregan,,USDA
440,Perry Cregan,,USDA
441,Perry Cregan,,USDA
442,Perry Cregan,,USDA
443,Perry Cregan,,USDA
444,Perry Cregan,,USDA
445,Perry Cregan,,USDA
446,Perry Cregan,,USDA
447,Perry Cregan,,USDA
448,Perry Cregan,,USDA
449,Perry Cregan,,USDA
450,Perry Cregan,,USDA
451,Perry Cregan,,USDA
452,Perry Cregan,,USDA
453,Perry Cregan,,USDA
454,Perry Cregan,,USDA
455,Perry Cregan,,USDA
456,Perry Cregan,,USDA
457,Perry Cregan,,USDA
458,Perry Cregan,,USDA
459,Perry Cregan,,USDA
460,Perry Cregan,,USDA
461,Perry Cregan,,USDA
462,Perry Cregan,,USDA
463,Perry Cregan,,USDA
464,Perry Cregan,,USDA
465,Perry Cregan,,USDA
466,Perry Cregan,,USDA
467,Perry Cregan,,USDA
468,Perry Cregan,,USDA
469,Perry Cregan,,USDA
470,Perry Cregan,,USDA
471,Perry Cregan,,USDA
472,Perry Cregan,,USDA
473,Perry Cregan,,USDA
474,Perry Cregan,,USDA
475,Perry Cregan,,USDA
476,Perry Cregan,,USDA
477,Perry Cregan,,USDA
478,Perry Cregan,,USDA
479,Perry Cregan,,USDA
480,Perry Cregan,,USDA
481,Perry Cregan,,USDA
482,Perry Cregan,,USDA
483,Perry Cregan,,USDA
484,Perry Cregan,,USDA
485,Perry Cregan,,USDA
486,Perry Cregan,,USDA
487,Perry Cregan,,USDA
488,Perry Cregan,,USDA
489,Perry Cregan,,USDA
490,Perry Cregan,,USDA
491,Perry Cregan,,USDA
492,Perry Cregan,,USDA
493,Perry Cregan,,USDA
494,Perry Cregan,,USDA
495,Perry Cregan,,USDA
496,Perry Cregan,,USDA
497,Perry Cregan,,USDA
498,Perry Cregan,,USDA
499,Perry Cregan,,USDA
500,Perry Cregan,,USDA
501,Perry Cregan,,USDA
502,Perry Cregan,,USDA
503,Perry Cregan,,USDA
504,Perry Cregan,,USDA
505,Perry Cregan,,USDA
506,Perry Cregan,,USDA
507,Perry Cregan,,USDA
508,Perry Cregan,,USDA
509,Perry Cregan,,USDA
510,Perry Cregan,,USDA
511,Perry Cregan,,USDA
512,Perry Cregan,,USDA
513,Perry Cregan,,USDA
514,Perry Cregan,,USDA
515,Perry Cregan,,USDA
516,Perry Cregan,,USDA
517,Perry Cregan,,USDA
518,Perry Cregan,,USDA
519,Perry Cregan,,USDA
520,Perry Cregan,,USDA
521,Perry Cregan,,USDA
522,Perry Cregan,,USDA
523,Perry Cregan,,USDA
524,Perry Cregan,,USDA
525,Perry Cregan,,USDA
526,Perry Cregan,,USDA
527,Perry Cregan,,USDA
528,Perry Cregan,,USDA
529,Perry Cregan,,USDA
530,Perry Cregan,,USDA
531,Perry Cregan,,USDA
532,Perry Cregan,,USDA
533,Perry Cregan,,USDA
534,Perry Cregan,,USDA
535,Perry Cregan,,USDA
536,Perry Cregan,,USDA
537,Perry Cregan,,USDA
538,Perry Cregan,,USDA
539,Perry Cregan,,USDA
540,Perry Cregan,,USDA
541,Perry Cregan,,USDA
542,Perry Cregan,,USDA
543,Perry Cregan,,USDA
544,Perry Cregan,,USDA
545,Perry Cregan,,USDA
546,Perry Cregan,,USDA
547,Perry Cregan,,USDA
548,Perry Cregan,,USDA
549,Perry Cregan,,USDA
550,Perry Cregan,,USDA
551,Perry Cregan,,USDA
552,Perry Cregan,,USDA
553,Perry Cregan,,USDA
554,Perry Cregan,,USDA
555,Perry Cregan,,USDA
556,Perry Cregan,,USDA
557,Perry Cregan,,USDA
558,Perry Cregan,,USDA
559,Perry Cregan,,USDA
560,Perry Cregan,,USDA
561,Perry Cregan,,USDA
562,Perry Cregan,,USDA
563,Perry Cregan,,USDA
564,Perry Cregan,,USDA
565,Perry Cregan,,USDA
566,Perry Cregan,,USDA
567,Perry Cregan,,USDA
568,Perry Cregan,,USDA
569,Perry Cregan,,USDA
570,Perry Cregan,,USDA
571,Perry Cregan,,USDA
572,Perry Cregan,,USDA
573,Perry Cregan,,USDA
574,Perry Cregan,,USDA
575,Perry Cregan,,USDA
576,Perry Cregan,,USDA
577,Perry Cregan,,USDA
578,Perry Cregan,,USDA
579,Perry Cregan,,USDA
580,Perry Cregan,,USDA
581,Perry Cregan,,USDA
582,Perry Cregan,,USDA
583,Perry Cregan,,USDA
584,Perry Cregan,,USDA
585,Perry Cregan,,USDA
586,Perry Cregan,,USDA
587,Perry Cregan,,USDA
588,Perry Cregan,,USDA
589,Perry Cregan,,USDA
590,Perry Cregan,,USDA
591,Perry Cregan,,USDA
592,Perry Cregan,,USDA
593,Perry Cregan,,USDA
594,Perry Cregan,,USDA
595,Perry Cregan,,USDA
596,Perry Cregan,,USDA
597,Perry Cregan,,USDA
598,Perry Cregan,,USDA
599,Perry Cregan,,USDA
600,Perry Cregan,,USDA
601,Perry Cregan,,USDA
602,Perry Cregan,,USDA
603,Perry Cregan,,USDA
604,Perry Cregan,,USDA
605,Perry Cregan,,USDA
606,Perry Cregan,,USDA
607,Perry Cregan,,USDA
608,Perry Cregan,,USDA
609,Perry Cregan,,USDA
610,Perry Cregan,,USDA
611,Perry Cregan,,USDA
612,Perry Cregan,,USDA
613,Perry Cregan,,USDA
614,Perry Cregan,,USDA
615,Perry Cregan,,USDA
616,Perry Cregan,,USDA
617,Perry Cregan,,USDA
618,Perry Cregan,,USDA
619,Perry Cregan,,USDA
620,Perry Cregan,,USDA
621,Perry Cregan,,USDA
622,Perry Cregan,,USDA
623,Perry Cregan,,USDA
624,Perry Cregan,,USDA
625,Perry Cregan,,USDA
626,Perry Cregan,,USDA
627,Perry Cregan,,USDA
628,Perry Cregan,,USDA
629,Perry Cregan,,USDA
630,Perry Cregan,,USDA
631,Perry Cregan,,USDA
632,Perry Cregan,,USDA
633,Perry Cregan,,USDA
634,Perry Cregan,,USDA
635,Perry Cregan,,USDA
636,Perry Cregan,,USDA
637,Perry Cregan,,USDA
638,Perry Cregan,,USDA
639,Perry Cregan,,USDA
640,Perry Cregan,,USDA
641,Perry Cregan,,USDA
642,Perry Cregan,,USDA
643,Perry Cregan,,USDA
644,Perry Cregan,,USDA
645,Perry Cregan,,USDA
646,Perry Cregan,,USDA
647,Perry Cregan,,USDA
648,Perry Cregan,,USDA
649,Perry Cregan,,USDA
650,Perry Cregan,,USDA
651,Perry Cregan,,USDA
652,Perry Cregan,,USDA
653,Perry Cregan,,USDA
654,Perry Cregan,,USDA
655,Perry Cregan,,USDA
656,Perry Cregan,,USDA
657,Perry Cregan,,USDA
658,Perry Cregan,,USDA
659,Perry Cregan,,USDA
660,Perry Cregan,,USDA
661,Perry Cregan,,USDA
662,Perry Cregan,,USDA
663,Perry Cregan,,USDA
664,Perry Cregan,,USDA
665,Perry Cregan,,USDA
666,Perry Cregan,,USDA
667,Perry Cregan,,USDA
668,Perry Cregan,,USDA
669,Perry Cregan,,USDA
670,Perry Cregan,,USDA
671,Perry Cregan,,USDA
672,Perry Cregan,,USDA
673,Perry Cregan,,USDA
674,Perry Cregan,,USDA
675,Perry Cregan,,USDA
676,Perry Cregan,,USDA
677,Perry Cregan,,USDA
678,Perry Cregan,,USDA
679,Perry Cregan,,USDA
680,Perry Cregan,,USDA
681,Perry Cregan,,USDA
682,Perry Cregan,,USDA
683,Perry Cregan,,USDA
684,Perry Cregan,,USDA
685,Perry Cregan,,USDA
686,Perry Cregan,,USDA
687,Perry Cregan,,USDA
688,Perry Cregan,,USDA
689,Perry Cregan,,USDA
690,Perry Cregan,,USDA
691,Perry Cregan,,USDA
692,Perry Cregan,,USDA
693,Perry Cregan,,USDA
694,Perry Cregan,,USDA
695,Perry Cregan,,USDA
696,Perry Cregan,,USDA
697,Perry Cregan,,USDA
698,Perry Cregan,,USDA
699,Perry Cregan,,USDA
700,Perry Cregan,,USDA
701,Perry Cregan,,USDA
702,Perry Cregan,,USDA
703,Perry Cregan,,USDA
704,Perry Cregan,,USDA
705,Perry Cregan,,USDA
706,Perry Cregan,,USDA
707,Perry Cregan,,USDA
708,Perry Cregan,,USDA
709,Perry Cregan,,USDA
710,Perry Cregan,,USDA
711,Perry Cregan,,USDA
712,Perry Cregan,,USDA
713,Perry Cregan,,USDA
714,Perry Cregan,,USDA
715,Perry Cregan,,USDA
716,Perry Cregan,,USDA
717,Perry Cregan,,USDA
718,Perry Cregan,,USDA
719,Perry Cregan,,USDA
720,Perry Cregan,,USDA
721,Perry Cregan,,USDA
722,Perry Cregan,,USDA
723,Perry Cregan,,USDA
724,Perry Cregan,,USDA
725,Perry Cregan,,USDA
726,Perry Cregan,,USDA
727,Perry Cregan,,USDA
728,Perry Cregan,,USDA
729,Perry Cregan,,USDA
730,Perry Cregan,,USDA
731,Perry Cregan,,USDA
732,Perry Cregan,,USDA
733,Perry Cregan,,USDA
734,Perry Cregan,,USDA
735,Perry Cregan,,USDA
736,Perry Cregan,,USDA
737,Perry Cregan,,USDA
738,Perry Cregan,,USDA
739,Perry Cregan,,USDA
740,Perry Cregan,,USDA
741,Perry Cregan,,USDA
742,Perry Cregan,,USDA
743,Perry Cregan,,USDA
744,Perry Cregan,,USDA
745,Perry Cregan,,USDA
746,Perry Cregan,,USDA
747,Perry Cregan,,USDA
748,Perry Cregan,,USDA
749,Perry Cregan,,USDA
750,Perry Cregan,,USDA
751,Perry Cregan,,USDA
752,Perry Cregan,,USDA
753,Perry Cregan,,USDA
754,Perry Cregan,,USDA
755,Perry Cregan,,USDA
756,Perry Cregan,,USDA
757,Perry Cregan,,USDA
758,Perry Cregan,,USDA
759,Perry Cregan,,USDA
760,Perry Cregan,,USDA
761,Perry Cregan,,USDA
762,Perry Cregan,,USDA
763,Perry Cregan,,USDA
764,Perry Cregan,,USDA
765,Perry Cregan,,USDA
766,Perry Cregan,,USDA
767,Perry Cregan,,USDA
768,Perry Cregan,,USDA
769,Perry Cregan,,USDA
770,Perry Cregan,,USDA
771,Perry Cregan,,USDA
772,Perry Cregan,,USDA
773,Perry Cregan,,USDA
774,Perry Cregan,,USDA
775,Perry Cregan,,USDA
776,Perry Cregan,,USDA
777,Perry Cregan,,USDA
778,Perry Cregan,,USDA
779,Perry Cregan,,USDA
780,Perry Cregan,,USDA
781,Perry Cregan,,USDA
782,Perry Cregan,,USDA
783,Perry Cregan,,USDA
784,Perry Cregan,,USDA
785,Perry Cregan,,USDA
786,Perry Cregan,,USDA
787,Perry Cregan,,USDA
788,Perry Cregan,,USDA
789,Perry Cregan,,USDA
790,Perry Cregan,,USDA
791,Perry Cregan,,USDA
792,Perry Cregan,,USDA
793,Perry Cregan,,USDA
794,Perry Cregan,,USDA
795,Perry Cregan,,USDA
796,Perry Cregan,,USDA
797,Perry Cregan,,USDA
798,Perry Cregan,,USDA
799,Perry Cregan,,USDA
800,Perry Cregan,,USDA
801,Perry Cregan,,USDA
802,Perry Cregan,,USDA
803,Perry Cregan,,USDA
804,Perry Cregan,,USDA
805,Perry Cregan,,USDA
806,Perry Cregan,,USDA
807,Perry Cregan,,USDA
808,Perry Cregan,,USDA
809,Perry Cregan,,USDA
810,Perry Cregan,,USDA
811,Perry Cregan,,USDA
812,Perry Cregan,,USDA
813,Perry Cregan,,USDA
814,Perry Cregan,,USDA
815,Perry Cregan,,USDA
816,Perry Cregan,,USDA
817,Perry Cregan,,USDA
818,Perry Cregan,,USDA
819,Perry Cregan,,USDA
820,Perry Cregan,,USDA
821,Perry Cregan,,USDA
822,Perry Cregan,,USDA
823,Perry Cregan,,USDA
824,Perry Cregan,,USDA
825,Perry Cregan,,USDA
826,Perry Cregan,,USDA
827,Perry Cregan,,USDA
828,Perry Cregan,,USDA
829,Perry Cregan,,USDA
830,Perry Cregan,,USDA
831,Perry Cregan,,USDA
832,Perry Cregan,,USDA
833,Perry Cregan,,USDA
834,Perry Cregan,,USDA
835,Perry Cregan,,USDA
836,Perry Cregan,,USDA
837,Perry Cregan,,USDA
838,Perry Cregan,,USDA
839,Perry Cregan,,USDA
840,Perry Cregan,,USDA
841,Perry Cregan,,USDA
842,Perry Cregan,,USDA
843,Perry Cregan,,USDA
844,Perry Cregan,,USDA
845,Perry Cregan,,USDA
846,Perry Cregan,,USDA
847,Perry Cregan,,USDA
848,Perry Cregan,,USDA
849,Perry Cregan,,USDA
850,Perry Cregan,,USDA
851,Perry Cregan,,USDA
852,Perry Cregan,,USDA
853,Perry Cregan,,USDA
854,Perry Cregan,,USDA
855,Perry Cregan,,USDA
856,Perry Cregan,,USDA
857,Perry Cregan,,USDA
858,Perry Cregan,,USDA
859,Perry Cregan,,USDA
860,Perry Cregan,,USDA
861,Perry Cregan,,USDA
862,Perry Cregan,,USDA
863,Perry Cregan,,USDA
864,Perry Cregan,,USDA
865,Perry Cregan,,USDA
866,Perry Cregan,,USDA
867,Perry Cregan,,USDA
868,Perry Cregan,,USDA
869,Perry Cregan,,USDA
870,Perry Cregan,,USDA
871,Perry Cregan,,USDA
872,Perry Cregan,,USDA
873,Perry Cregan,,USDA
874,Perry Cregan,,USDA
875,Perry Cregan,,USDA
876,Perry Cregan,,USDA
877,Perry Cregan,,USDA
878,Perry Cregan,,USDA
879,Perry Cregan,,USDA
880,Perry Cregan,,USDA
881,Perry Cregan,,USDA
882,Perry Cregan,,USDA
883,Perry Cregan,,USDA
884,Perry Cregan,,USDA
885,Perry Cregan,,USDA
886,Perry Cregan,,USDA
887,Perry Cregan,,USDA
888,Perry Cregan,,USDA
889,Perry Cregan,,USDA
890,Perry Cregan,,USDA
891,Perry Cregan,,USDA
892,Perry Cregan,,USDA
893,Perry Cregan,,USDA
894,Perry Cregan,,USDA
895,Perry Cregan,,USDA
896,Perry Cregan,,USDA
897,Perry Cregan,,USDA
898,Perry Cregan,,USDA
899,Perry Cregan,,USDA
900,Perry Cregan,,USDA
901,Perry Cregan,,USDA
902,Perry Cregan,,USDA
903,Perry Cregan,,USDA
904,Perry Cregan,,USDA
905,Perry Cregan,,USDA
906,Perry Cregan,,USDA
907,Perry Cregan,,USDA
908,Perry Cregan,,USDA
909,Perry Cregan,,USDA
910,Perry Cregan,,USDA
911,Perry Cregan,,USDA
912,Perry Cregan,,USDA
913,Perry Cregan,,USDA
914,Perry Cregan,,USDA
915,Perry Cregan,,USDA
916,Perry Cregan,,USDA
917,Perry Cregan,,USDA
918,Perry Cregan,,USDA
919,Perry Cregan,,USDA
920,Perry Cregan,,USDA
921,Perry Cregan,,USDA
922,Perry Cregan,,USDA
923,Perry Cregan,,USDA
924,Perry Cregan,,USDA
925,Perry Cregan,,USDA
926,Perry Cregan,,USDA
927,Perry Cregan,,USDA
928,Perry Cregan,,USDA
929,Perry Cregan,,USDA
930,Perry Cregan,,USDA
931,Perry Cregan,,USDA
932,Perry Cregan,,USDA
933,Perry Cregan,,USDA
934,Perry Cregan,,USDA
935,Perry Cregan,,USDA
936,Perry Cregan,,USDA
937,Perry Cregan,,USDA
938,Perry Cregan,,USDA
939,Perry Cregan,,USDA
940,Perry Cregan,,USDA
941,Perry Cregan,,USDA
942,Perry Cregan,,USDA
943,Perry Cregan,,USDA
944,Perry Cregan,,USDA
945,Perry Cregan,,USDA
946,Perry Cregan,,USDA
947,Perry Cregan,,USDA
948,Perry Cregan,,USDA
949,Perry Cregan,,USDA
950,Perry Cregan,,USDA
951,Perry Cregan,,USDA
952,Perry Cregan,,USDA
953,Perry Cregan,,USDA
954,Perry Cregan,,USDA
955,Perry Cregan,,USDA
956,Perry Cregan,,USDA
957,Perry Cregan,,USDA
958,Perry Cregan,,USDA
959,Perry Cregan,,USDA
960,Perry Cregan,,USDA
961,Perry Cregan,,USDA
962,Perry Cregan,,USDA
963,Perry Cregan,,USDA
964,Perry Cregan,,USDA
965,Perry Cregan,,USDA
966,Perry Cregan,,USDA
967,Perry Cregan,,USDA
968,Perry Cregan,,USDA
969,Perry Cregan,,USDA
970,Perry Cregan,,USDA
971,Perry Cregan,,USDA
972,Perry Cregan,,USDA
973,Perry Cregan,,USDA
974,Perry Cregan,,USDA
975,Perry Cregan,,USDA
976,Perry Cregan,,USDA
977,Perry Cregan,,USDA
978,Perry Cregan,,USDA
979,Perry Cregan,,USDA
980,Perry Cregan,,USDA
981,Perry Cregan,,USDA
982,Perry Cregan,,USDA
983,Perry Cregan,,USDA
984,Perry Cregan,,USDA
985,Perry Cregan,,USDA
986,Perry Cregan,,USDA
987,Perry Cregan,,USDA
988,Perry Cregan,,USDA
989,Perry Cregan,,USDA
990,Perry Cregan,,USDA
991,Perry Cregan,,USDA
992,Perry Cregan,,USDA
993,Perry Cregan,,USDA
994,Perry Cregan,,USDA
995,Perry Cregan,,USDA
996,Perry Cregan,,USDA
997,Perry Cregan,,USDA
998,Perry Cregan,,USDA
999,Perry Cregan,,USDA
1000,Perry Cregan,,USDA
1001,Perry Cregan,,USDA
1002,Perry Cregan,,USDA
1003,Perry Cregan,,USDA
1004,Perry Cregan,,USDA
1005,Perry Cregan,,USDA
1006,Perry Cregan,,USDA
1007,Perry Cregan,,USDA
1008,Perry Cregan,,USDA
1009,Perry Cregan,,USDA
1010,Perry Cregan,,USDA
1011,Perry Cregan,,USDA
1012,Perry Cregan,,USDA
1013,Perry Cregan,,USDA
1014,Perry Cregan,,USDA
1015,Perry Cregan,,USDA
1016,Perry Cregan,,USDA
1017,Perry Cregan,,USDA
1018,Perry Cregan,,USDA
1019,Perry Cregan,,USDA
1020,Perry Cregan,,USDA
1021,Perry Cregan,,USDA
1022,Perry Cregan,,USDA
1023,Perry Cregan,,USDA
1024,Perry Cregan,,USDA
1025,Perry Cregan,,USDA
1026,Perry Cregan,,USDA
1027,Perry Cregan,,USDA
1028,Perry Cregan,,USDA
1029,Perry Cregan,,USDA
1030,Perry Cregan,,USDA
1031,Perry Cregan,,USDA
1032,Perry Cregan,,USDA
1033,Perry Cregan,,USDA
1034,Perry Cregan,,USDA
1035,Perry Cregan,,USDA
1036,Perry Cregan,,USDA
1037,Perry Cregan,,USDA
1038,Perry Cregan,,USDA
1039,Perry Cregan,,USDA
1040,Perry Cregan,,USDA
1041,Perry Cregan,,USDA
1042,Perry Cregan,,USDA
1043,Perry Cregan,,USDA
1044,Perry Cregan,,USDA
1045,Perry Cregan,,USDA
1046,Perry Cregan,,USDA
1047,Perry Cregan,,USDA
1048,Perry Cregan,,USDA
1049,Perry Cregan,,USDA
1050,Perry Cregan,,USDA
1051,Perry Cregan,,USDA
1052,Perry Cregan,,USDA
1053,Perry Cregan,,USDA
1054,Perry Cregan,,USDA
1055,Perry Cregan,,USDA
1056,Perry Cregan,,USDA
1057,Perry Cregan,,USDA
1058,Perry Cregan,,USDA
1059,Perry Cregan,,USDA
1060,Perry Cregan,,USDA
1061,Perry Cregan,,USDA
1062,Perry Cregan,,USDA
1063,Perry Cregan,,USDA
1064,Perry Cregan,,USDA
1065,Perry Cregan,,USDA
1066,Perry Cregan,,USDA
1067,Perry Cregan,,USDA
1068,Perry Cregan,,USDA
1069,Perry Cregan,,USDA
1070,Perry Cregan,,USDA
1071,Perry Cregan,,USDA
1072,Perry Cregan,,USDA
1073,Perry Cregan,,USDA
1074,Perry Cregan,,USDA
1075,Perry Cregan,,USDA
1076,Perry Cregan,,USDA
1077,Perry Cregan,,USDA
1078,Perry Cregan,,USDA
1079,Perry Cregan,,USDA
1080,Perry Cregan,,USDA
1081,Perry Cregan,,USDA
1082,Perry Cregan,,USDA
1083,bwaweru,,IITA
1084,bwaweru,,IITA
1085,bwaweru,,IITA
1086,bwaweru,,IITA
1087,bwaweru,,IITA
1088,bwaweru,,IITA
1089,bwaweru,,IITA
1090,bwaweru,,IITA
1091,bwaweru,,IITA
1092,bwaweru,,IITA
1093,bwaweru,,IITA
1094,bwaweru,,IITA
1095,bwaweru,,IITA
